/*!40101 SET NAMES utf8 */;
/*!40014 SET FOREIGN_KEY_CHECKS=0 */;
/*!40101 SET SQL_MODE='NO_AUTO_VALUE_ON_ZERO' */;
/*!40111 SET SQL_NOTES=0 */;
DROP TABLE IF EXISTS furnishing_status;
CREATE TABLE `furnishing_status` (
  `furnishing_id` int(11) NOT NULL,
  `furnishing_status` varchar(50) DEFAULT NULL,
  PRIMARY KEY (`furnishing_id`),
  CONSTRAINT `furnishing_status_ibfk_1` FOREIGN KEY (`furnishing_id`) REFERENCES `house_data` (`furnishing_id`)
) ENGINE=InnoDB DEFAULT CHARSET=latin1;

DROP TABLE IF EXISTS house_data;
CREATE TABLE `house_data` (
  `house_id` int(11) NOT NULL,
  `n_bedroom` int(11) DEFAULT NULL,
  `n_bathroom` int(11) DEFAULT NULL,
  `n_stories` int(11) DEFAULT NULL,
  `n_parking_slot` int(11) DEFAULT NULL,
  `is_mainroad` tinyint(1) DEFAULT NULL,
  `has_guestroom` tinyint(1) DEFAULT NULL,
  `has_basement` tinyint(1) DEFAULT NULL,
  `has_hot_water` tinyint(1) DEFAULT NULL,
  `has_air_conditioning` tinyint(1) DEFAULT NULL,
  `is_pref_area` tinyint(1) DEFAULT NULL,
  `furnishing_id` int(11) DEFAULT NULL,
  PRIMARY KEY (`house_id`),
  KEY `idx_furnishing_id` (`furnishing_id`)
) ENGINE=InnoDB DEFAULT CHARSET=latin1;

DROP TABLE IF EXISTS house_price_data;
CREATE TABLE `house_price_data` (
  `house_id` int(11) NOT NULL,
  `price` int(11) DEFAULT NULL,
  `area` int(11) DEFAULT NULL,
  PRIMARY KEY (`house_id`),
  CONSTRAINT `house_price_data_ibfk_1` FOREIGN KEY (`house_id`) REFERENCES `house_data` (`house_id`)
) ENGINE=InnoDB DEFAULT CHARSET=latin1;

INSERT INTO furnishing_status(furnishing_id,furnishing_status) VALUES('0','\'furnished\''),('1','\'unfurnished\''),('2','\'semi-furnished\'');

INSERT INTO house_data(house_id,n_bedroom,n_bathroom,n_stories,n_parking_slot,is_mainroad,has_guestroom,has_basement,has_hot_water,has_air_conditioning,is_pref_area,furnishing_id) VALUES('0','4','2','3','2','1','0','0','0','1','1','0'),('1','4','4','4','3','1','0','0','0','1','0','0'),('2','3','2','2','2','1','0','1','0','0','1','2'),('3','4','2','2','3','1','0','1','0','1','1','0'),('4','4','1','2','2','1','1','1','0','1','0','0'),('5','3','3','1','2','1','0','1','0','1','1','2'),('6','4','3','4','2','1','0','0','0','1','1','2'),('7','5','3','2','0','1','0','0','0','0','0','1'),('8','4','1','2','2','1','1','1','0','1','1','0'),('9','3','2','4','1','1','1','0','0','1','1','1'),('10','3','1','2','2','1','0','1','0','1','1','0'),('11','4','3','2','2','1','1','1','1','0','0','2'),('12','4','2','2','1','1','0','0','0','1','1','2'),('13','4','2','2','2','1','0','0','1','0','0','0'),('14','3','2','2','0','1','0','0','0','0','1','2'),('15','4','1','2','2','1','0','1','0','0','0','2'),('16','4','2','2','1','1','1','1','0','1','1','1'),('17','3','2','4','2','1','0','0','0','1','0','0'),('18','3','2','2','2','1','1','0','0','1','0','0'),('19','3','2','2','1','1','0','0','0','1','1','2'),('20','3','1','2','2','1','0','1','1','0','0','2'),('21','3','2','1','2','1','1','1','0','1','0','1'),('22','3','1','1','1','1','1','1','0','1','0','0'),('23','3','2','2','1','1','1','1','0','1','0','0'),('24','3','2','2','2','1','0','0','0','1','0','0'),('25','4','2','2','2','1','1','1','0','1','1','0'),('26','3','2','4','0','1','1','1','0','1','1','2'),('27','3','1','1','1','1','0','0','0','0','0','2'),('28','5','2','2','2','1','0','1','1','0','0','1'),('29','4','2','2','1','1','0','1','0','1','1','2'),('30','3','2','4','2','1','0','0','0','1','0','1'),('31','3','1','4','2','1','0','0','0','1','0','2'),('32','4','2','2','1','1','0','0','0','1','1','0'),('33','3','3','2','1','1','1','1','0','0','0','1'),('34','5','1','2','1','1','1','1','0','1','0','0'),('35','3','2','4','2','1','0','0','0','1','0','0'),('36','3','2','3','1','1','0','0','1','0','1','0'),('37','4','2','4','2','1','0','0','0','1','0','0'),('38','3','1','4','2','1','1','0','0','1','0','1'),('39','4','2','4','1','1','0','0','0','1','0','2'),('40','3','1','2','0','1','0','1','0','1','1','0'),('41','3','2','4','0','1','0','0','0','1','1','0'),('42','3','2','4','2','1','0','0','0','1','0','1'),('43','4','2','4','2','1','0','0','0','0','0','2'),('44','4','2','4','1','1','0','0','0','1','0','0'),('45','3','2','3','0','1','0','0','0','1','0','2'),('47','3','1','4','3','1','0','0','0','1','1','0'),('48','3','2','2','1','1','0','1','0','0','0','1'),('49','3','2','1','0','1','1','1','0','1','1','2'),('50','3','2','4','1','1','0','0','0','0','1','1'),('51','3','1','4','1','1','0','0','0','1','0','1'),('52','4','2','4','1','1','1','0','0','1','0','0'),('53','3','2','4','2','1','0','0','0','1','0','2'),('54','3','2','2','1','1','1','0','0','1','0','2'),('55','3','1','2','1','1','0','0','0','1','0','1'),('56','4','1','2','1','1','0','1','0','0','1','2'),('57','4','2','4','1','1','1','0','0','1','1','0'),('58','4','2','4','1','1','1','0','0','1','0','2'),('59','3','2','4','1','1','1','0','0','1','0','0'),('60','3','2','2','1','1','1','0','0','0','0','2'),('61','2','1','1','1','1','0','0','0','1','0','2'),('62','4','2','2','1','1','0','0','0','1','0','0'),('63','4','2','3','2','1','0','0','0','1','1','0'),('64','3','1','1','1','1','0','1','0','1','1','0'),('65','3','2','2','1','1','0','1','0','1','0','0'),('66','2','1','1','1','1','0','1','1','0','0','0'),('67','3','2','1','2','1','0','0','0','0','0','1'),('68','3','1','1','1','1','0','0','0','1','0','0'),('69','4','2','2','2','1','0','0','0','0','1','0'),('70','3','2','2','0','1','0','1','0','1','1','2'),('71','4','2','4','0','1','0','0','0','1','0','1'),('72','3','1','4','0','1','0','0','0','1','1','1'),('73','2','2','4','0','1','0','1','0','0','1','0'),('74','3','1','2','1','1','0','1','1','0','0','0'),('75','4','2','2','0','1','0','0','1','0','0','2'),('76','3','2','3','0','1','0','0','0','1','1','0'),('77','3','2','3','0','1','0','0','0','1','1','0'),('78','3','1','1','2','1','1','1','0','1','1','0'),('79','3','2','3','0','1','1','0','0','1','0','0'),('80','3','1','2','1','1','0','0','1','0','1','2'),('81','3','2','2','1','1','0','1','0','1','0','2'),('82','3','2','1','1','1','0','1','0','1','1','0'),('83','3','2','4','0','1','0','0','0','1','0','2'),('84','3','1','2','2','1','0','0','1','0','0','2'),('85','3','2','3','0','1','0','0','0','1','0','0'),('86','3','1','3','0','1','0','1','0','0','1','1'),('87','3','1','1','2','1','0','1','0','0','0','2'),('88','3','1','1','2','1','1','1','0','1','1','1'),('89','5','3','2','2','1','0','0','0','0','0','0'),('90','3','1','2','0','1','0','0','0','1','0','2'),('91','2','1','1','2','1','1','1','0','0','1','0'),('92','3','2','4','0','1','1','0','0','1','0','0'),('93','3','2','1','3','1','0','1','0','1','0','2'),('94','4','2','4','1','1','0','0','0','0','0','2'),('95','3','2','3','2','1','0','0','0','1','0','2'),('96','3','1','1','1','1','0','1','0','0','1','0'),('97','3','1','1','1','1','1','1','0','1','1','2'),('98','3','2','3','0','1','0','0','0','1','1','1'),('99','4','1','3','0','1','1','1','0','0','1','1'),('100','3','2','1','0','1','0','1','0','1','1','1'),('101','3','1','3','1','1','0','0','0','0','1','1'),('102','3','2','4','1','1','1','0','0','1','0','2'),('103','3','2','3','0','1','1','0','0','1','0','0'),('104','3','2','1','2','1','1','1','0','0','1','0'),('105','3','1','4','0','1','0','0','0','1','0','1'),('106','4','2','1','0','1','0','1','0','1','1','2'),('107','3','1','3','0','1','0','1','0','0','1','1'),('108','4','1','3','1','1','0','0','0','0','0','2'),('109','4','2','2','1','1','1','0','1','0','0','2'),('110','3','1','1','2','1','1','1','0','0','1','2'),('111','3','1','3','2','1','0','0','0','1','0','1'),('112','6','2','2','0','1','0','0','0','0','0','0'),('113','3','1','1','2','1','0','1','0','0','1','0'),('114','2','1','1','2','1','1','1','0','0','0','0'),('115','3','1','1','2','1','1','1','0','1','1','2'),('116','3','2','1','0','1','1','1','0','0','1','1'),('117','4','1','2','0','1','1','0','0','1','0','0'),('118','3','1','1','0','1','0','1','0','1','1','0'),('119','3','1','1','2','1','0','1','0','1','1','2'),('120','3','1','1','2','1','1','1','0','0','1','0'),('121','3','1','2','0','1','1','1','0','1','1','2'),('122','4','2','1','1','1','0','1','0','0','1','2'),('123','4','2','2','0','1','0','0','0','0','0','0'),('124','3','2','4','1','1','0','0','0','0','0','0'),('125','3','1','1','2','1','0','0','0','1','0','2'),('126','3','1','1','2','1','0','1','0','0','1','1'),('127','3','2','3','0','1','0','0','0','1','0','1'),('128','3','1','3','1','1','1','0','0','1','0','0'),('129','3','1','3','2','1','0','0','0','0','1','2'),('130','3','1','1','0','1','1','1','0','0','0','1'),('131','4','1','4','0','1','1','0','0','0','0','2'),('132','3','1','3','0','1','0','0','0','1','0','2'),('133','3','1','3','0','1','0','0','0','1','0','1'),('134','3','1','1','2','1','0','1','0','0','1','2'),('135','3','2','4','0','1','0','0','0','1','0','1'),('136','4','2','2','2','1','0','0','0','1','0','1'),('137','4','1','2','1','1','0','0','0','0','0','2'),('138','3','1','3','0','1','0','0','0','1','0','2'),('139','3','1','1','2','1','1','1','0','1','1','0'),('140','3','2','4','0','1','0','0','0','1','0','1'),('141','4','2','2','1','1','1','1','0','0','1','2'),('142','4','2','2','1','1','0','0','0','0','0','2'),('143','5','2','3','0','0','0','1','1','0','0','1'),('144','4','1','2','1','1','1','1','0','1','0','0'),('145','3','1','4','0','1','0','0','0','0','0','0'),('146','2','1','1','1','1','0','0','0','0','0','2'),('147','3','2','2','1','1','0','0','0','0','0','2'),('148','3','1','3','0','1','0','0','0','0','1','2'),('149','4','2','1','0','1','0','1','0','0','1','2'),('150','3','1','2','0','1','1','1','0','1','1','1'),('151','4','1','2','2','1','0','0','0','1','1','2'),('152','5','1','2','0','1','1','1','0','1','1','0'),('153','3','3','2','0','1','0','1','0','0','0','2'),('154','3','2','2','2','1','0','0','0','0','0','2'),('155','3','2','1','2','1','0','1','0','0','1','0'),('156','3','1','1','0','1','1','1','0','0','1','2'),('157','4','2','2','1','0','1','1','0','0','0','0'),('158','3','1','1','2','1','0','0','0','0','0','2'),('159','3','2','1','0','1','1','1','0','1','0','0'),('160','4','1','4','0','1','1','0','0','1','0','0'),('161','3','1','3','0','1','1','0','0','1','1','2'),('162','4','2','2','0','1','1','1','0','0','1','2'),('163','3','1','1','0','1','1','1','0','1','1','2'),('164','3','2','2','1','1','1','1','0','0','1','0'),('165','3','2','1','0','1','1','1','1','0','0','1'),('166','3','1','1','2','1','0','1','0','1','1','1'),('167','2','2','1','2','1','0','0','0','1','0','2'),('168','4','1','2','0','1','0','1','0','1','0','0'),('169','4','2','2','0','0','0','0','0','1','0','2'),('170','3','2','1','0','1','0','1','0','0','0','2'),('171','3','1','1','1','1','0','0','0','0','1','2'),('172','3','1','2','2','1','1','1','0','1','1','1'),('173','4','2','1','0','1','0','0','0','1','1','1'),('174','3','1','2','1','1','1','1','0','0','1','1'),('175','4','2','2','2','1','1','0','0','0','0','2'),('176','3','1','1','2','1','0','0','0','1','0','0'),('177','3','1','1','0','1','0','1','0','0','1','2'),('178','3','1','1','2','1','1','1','0','0','1','2'),('179','3','2','2','2','1','0','0','0','0','0','2'),('180','4','2','1','2','0','0','1','0','1','0','2'),('181','3','1','2','1','1','1','1','0','0','1','0'),('182','3','1','2','0','0','0','0','0','1','0','2'),('183','3','1','1','1','1','0','0','0','0','1','2'),('184','3','2','2','0','1','1','1','0','0','0','0'),('185','3','1','2','0','1','0','1','0','0','0','1'),('186','2','1','2','0','1','0','0','0','0','1','0'),('187','3','1','1','0','1','0','1','0','1','1','2'),('188','2','1','2','0','1','0','0','0','1','1','1'),('189','2','1','1','0','0','1','1','0','0','0','2'),('190','4','1','2','2','1','0','0','0','1','0','0'),('191','3','1','2','0','1','1','1','0','0','0','2'),('192','3','1','1','0','1','1','1','0','0','1','0'),('193','2','1','1','0','1','1','1','0','0','0','2'),('194','3','2','1','0','1','1','1','0','0','0','2'),('195','4','3','2','2','1','0','1','0','0','0','2'),('196','3','1','1','0','1','1','1','1','0','0','2'),('197','3','2','2','1','0','0','1','0','1','0','2'),('198','3','1','2','0','1','0','0','0','1','0','2'),('199','3','1','2','1','1','0','0','0','0','0','0');
INSERT INTO house_price_data(house_id,price,area) VALUES('0','13300000','7420'),('1','12250000','8960'),('2','12250000','9960'),('3','12215000','7500'),('4','11410000','7420'),('5','10850000','7500'),('6','10150000','8580'),('7','10150000','16200'),('8','9870000','8100'),('9','9800000','5750'),('10','9800000','13200'),('11','9681000','6000'),('12','9310000','6550'),('13','9240000','3500'),('14','9240000','7800'),('15','9100000','6000'),('16','9100000','6600'),('17','8960000','8500'),('18','8890000','4600'),('19','8855000','6420'),('20','8750000','4320'),('21','8680000','7155'),('22','8645000','8050'),('23','8645000','4560'),('24','8575000','8800'),('25','8540000','6540'),('26','8463000','6000'),('27','8400000','8875'),('28','8400000','7950'),('29','8400000','5500'),('30','8400000','7475'),('31','8400000','7000'),('32','8295000','4880'),('33','8190000','5960'),('34','8120000','6840'),('35','8080940','7000'),('36','8043000','7482'),('37','7980000','9000'),('38','7962500','6000'),('39','7910000','6000'),('40','7875000','6550'),('41','7840000','6360'),('42','7700000','6480'),('43','7700000','6000'),('44','7560000','6000'),('45','7560000','6000'),('47','7490000','6600'),('48','7455000','4300'),('49','7420000','7440'),('50','7420000','7440'),('51','7420000','6325'),('52','7350000','6000'),('53','7350000','5150'),('54','7350000','6000'),('55','7350000','6000'),('56','7343000','11440'),('57','7245000','9000'),('58','7210000','7680'),('59','7210000','6000'),('60','7140000','6000'),('61','7070000','8880'),('62','7070000','6240'),('63','7035000','6360'),('64','7000000','11175'),('65','6930000','8880'),('66','6930000','13200'),('67','6895000','7700'),('68','6860000','6000'),('69','6790000','12090'),('70','6790000','4000'),('71','6755000','6000'),('72','6720000','5020'),('73','6685000','6600'),('74','6650000','4040'),('75','6650000','4260'),('76','6650000','6420'),('77','6650000','6500'),('78','6650000','5700'),('79','6650000','6000'),('80','6629000','6000'),('81','6615000','4000'),('82','6615000','10500'),('83','6580000','6000'),('84','6510000','3760'),('85','6510000','8250'),('86','6510000','6670'),('87','6475000','3960'),('88','6475000','7410'),('89','6440000','8580'),('90','6440000','5000'),('91','6419000','6750'),('92','6405000','4800'),('93','6300000','7200'),('94','6300000','6000'),('95','6300000','4100'),('96','6300000','9000'),('97','6300000','6400'),('98','6293000','6600'),('99','6265000','6000'),('100','6230000','6600'),('101','6230000','5500'),('102','6195000','5500'),('103','6195000','6350'),('104','6195000','5500'),('105','6160000','4500'),('106','6160000','5450'),('107','6125000','6420'),('108','6107500','3240'),('109','6090000','6615'),('110','6090000','6600'),('111','6090000','8372'),('112','6083000','4300'),('113','6083000','9620'),('114','6020000','6800'),('115','6020000','8000'),('116','6020000','6900'),('117','5950000','3700'),('118','5950000','6420'),('119','5950000','7020'),('120','5950000','6540'),('121','5950000','7231'),('122','5950000','6254'),('123','5950000','7320'),('124','5950000','6525'),('125','5943000','15600'),('126','5880000','7160'),('127','5880000','6500'),('128','5873000','5500'),('129','5873000','11460'),('130','5866000','4800'),('131','5810000','5828'),('132','5810000','5200'),('133','5810000','4800'),('134','5803000','7000'),('135','5775000','6000'),('136','5740000','5400'),('137','5740000','4640'),('138','5740000','5000'),('139','5740000','6360'),('140','5740000','5800'),('141','5652500','6660'),('142','5600000','10500'),('143','5600000','4800'),('144','5600000','4700'),('145','5600000','5000'),('146','5600000','10500'),('147','5600000','5500'),('148','5600000','6360'),('149','5600000','6600'),('150','5600000','5136'),('151','5565000','4400'),('152','5565000','5400'),('153','5530000','3300'),('154','5530000','3650'),('155','5530000','6100'),('156','5523000','6900'),('157','5495000','2817'),('158','5495000','7980'),('159','5460000','3150'),('160','5460000','6210'),('161','5460000','6100'),('162','5460000','6600'),('163','5425000','6825'),('164','5390000','6710'),('165','5383000','6450'),('166','5320000','7800'),('167','5285000','4600'),('168','5250000','4260'),('169','5250000','6540'),('170','5250000','5500'),('171','5250000','10269'),('172','5250000','8400'),('173','5250000','5300'),('174','5250000','3800'),('175','5250000','9800'),('176','5250000','8520'),('177','5243000','6050'),('178','5229000','7085'),('179','5215000','3180'),('180','5215000','4500'),('181','5215000','7200'),('182','5145000','3410'),('183','5145000','7980'),('184','5110000','3000'),('185','5110000','3000'),('186','5110000','11410'),('187','5110000','6100'),('188','5075000','5720'),('189','5040000','3540'),('190','5040000','7600'),('191','5040000','10700'),('192','5040000','6600'),('193','5033000','4800'),('194','5005000','8150'),('195','4970000','4410'),('196','4970000','7686'),('197','4956000','2800'),('198','4935000','5948'),('199','4907000','4200');